--
-- PostgreSQL database dump
--

-- Dumped from database version 9.5rc1
-- Dumped by pg_dump version 9.5rc1

-- Started on 2016-01-14 18:01:19

SET statement_timeout = 0;
SET lock_timeout = 0;
SET client_encoding = 'UTF8';
SET standard_conforming_strings = on;
SET check_function_bodies = false;
SET client_min_messages = warning;
SET row_security = off;

--
-- TOC entry 196 (class 3079 OID 12355)
-- Name: plpgsql; Type: EXTENSION; Schema: -; Owner: 
--

CREATE EXTENSION IF NOT EXISTS plpgsql WITH SCHEMA pg_catalog;


--
-- TOC entry 2191 (class 0 OID 0)
-- Dependencies: 196
-- Name: EXTENSION plpgsql; Type: COMMENT; Schema: -; Owner: 
--

COMMENT ON EXTENSION plpgsql IS 'PL/pgSQL procedural language';


SET search_path = public, pg_catalog;

--
-- TOC entry 181 (class 1259 OID 16505)
-- Name: seq_class; Type: SEQUENCE; Schema: public; Owner: postgres
--

CREATE SEQUENCE seq_class
    START WITH 1
    INCREMENT BY 1
    NO MINVALUE
    NO MAXVALUE
    CACHE 1;


ALTER TABLE seq_class OWNER TO postgres;

SET default_tablespace = '';

SET default_with_oids = false;

--
-- TOC entry 182 (class 1259 OID 16760)
-- Name: class; Type: TABLE; Schema: public; Owner: postgres
--

CREATE TABLE class (
    id integer DEFAULT nextval('seq_class'::regclass) NOT NULL,
    year integer NOT NULL,
    letter_class character(1),
    people_count integer NOT NULL
);


ALTER TABLE class OWNER TO postgres;

--
-- TOC entry 183 (class 1259 OID 16766)
-- Name: seq_duty; Type: SEQUENCE; Schema: public; Owner: postgres
--

CREATE SEQUENCE seq_duty
    START WITH 1
    INCREMENT BY 1
    NO MINVALUE
    NO MAXVALUE
    CACHE 1;


ALTER TABLE seq_duty OWNER TO postgres;

--
-- TOC entry 191 (class 1259 OID 17256)
-- Name: duty; Type: TABLE; Schema: public; Owner: postgres
--

CREATE TABLE duty (
    id integer DEFAULT nextval('seq_duty'::regclass) NOT NULL,
    importance integer,
    duty_name character varying(45) NOT NULL
);


ALTER TABLE duty OWNER TO postgres;

--
-- TOC entry 184 (class 1259 OID 16768)
-- Name: seq_lesson; Type: SEQUENCE; Schema: public; Owner: postgres
--

CREATE SEQUENCE seq_lesson
    START WITH 1
    INCREMENT BY 1
    NO MINVALUE
    NO MAXVALUE
    CACHE 1;


ALTER TABLE seq_lesson OWNER TO postgres;

--
-- TOC entry 189 (class 1259 OID 16835)
-- Name: lesson; Type: TABLE; Schema: public; Owner: postgres
--

CREATE TABLE lesson (
    id integer DEFAULT nextval('seq_lesson'::regclass) NOT NULL,
    number integer NOT NULL,
    start_time time without time zone NOT NULL,
    dyration time without time zone DEFAULT '00:45:00'::time without time zone NOT NULL
);


ALTER TABLE lesson OWNER TO postgres;

--
-- TOC entry 185 (class 1259 OID 16770)
-- Name: seq_room; Type: SEQUENCE; Schema: public; Owner: postgres
--

CREATE SEQUENCE seq_room
    START WITH 1
    INCREMENT BY 1
    NO MINVALUE
    NO MAXVALUE
    CACHE 1;


ALTER TABLE seq_room OWNER TO postgres;

--
-- TOC entry 195 (class 1259 OID 17434)
-- Name: room; Type: TABLE; Schema: public; Owner: postgres
--

CREATE TABLE room (
    id integer DEFAULT nextval('seq_room'::regclass) NOT NULL,
    room_name character varying(126) NOT NULL,
    limit_people integer NOT NULL
);


ALTER TABLE room OWNER TO postgres;

--
-- TOC entry 186 (class 1259 OID 16772)
-- Name: seq_staff; Type: SEQUENCE; Schema: public; Owner: postgres
--

CREATE SEQUENCE seq_staff
    START WITH 1
    INCREMENT BY 1
    NO MINVALUE
    NO MAXVALUE
    CACHE 1;


ALTER TABLE seq_staff OWNER TO postgres;

--
-- TOC entry 187 (class 1259 OID 16774)
-- Name: seq_subject; Type: SEQUENCE; Schema: public; Owner: postgres
--

CREATE SEQUENCE seq_subject
    START WITH 1
    INCREMENT BY 1
    NO MINVALUE
    NO MAXVALUE
    CACHE 1;


ALTER TABLE seq_subject OWNER TO postgres;

--
-- TOC entry 188 (class 1259 OID 16776)
-- Name: seq_week_day; Type: SEQUENCE; Schema: public; Owner: postgres
--

CREATE SEQUENCE seq_week_day
    START WITH 1
    INCREMENT BY 1
    NO MINVALUE
    NO MAXVALUE
    CACHE 1;


ALTER TABLE seq_week_day OWNER TO postgres;

--
-- TOC entry 192 (class 1259 OID 17262)
-- Name: staff; Type: TABLE; Schema: public; Owner: postgres
--

CREATE TABLE staff (
    id integer DEFAULT nextval('seq_staff'::regclass) NOT NULL,
    degree character varying(45),
    first_name character varying(45) NOT NULL,
    last_name character varying(45) NOT NULL
);


ALTER TABLE staff OWNER TO postgres;

--
-- TOC entry 193 (class 1259 OID 17374)
-- Name: staff_has_duty; Type: TABLE; Schema: public; Owner: postgres
--

CREATE TABLE staff_has_duty (
    staff_id integer NOT NULL,
    duty_id integer NOT NULL
);


ALTER TABLE staff_has_duty OWNER TO postgres;

--
-- TOC entry 194 (class 1259 OID 17419)
-- Name: staff_has_subject; Type: TABLE; Schema: public; Owner: postgres
--

CREATE TABLE staff_has_subject (
    staff_id integer NOT NULL,
    subject_id integer NOT NULL
);


ALTER TABLE staff_has_subject OWNER TO postgres;

--
-- TOC entry 190 (class 1259 OID 17220)
-- Name: subject; Type: TABLE; Schema: public; Owner: postgres
--

CREATE TABLE subject (
    id integer DEFAULT nextval('seq_subject'::regclass) NOT NULL,
    subject_name character varying(45) NOT NULL
);


ALTER TABLE subject OWNER TO postgres;

--
-- TOC entry 180 (class 1259 OID 16480)
-- Name: week_day; Type: TABLE; Schema: public; Owner: postgres
--

CREATE TABLE week_day (
    id integer NOT NULL,
    name character varying(20) NOT NULL
);


ALTER TABLE week_day OWNER TO postgres;

--
-- TOC entry 2170 (class 0 OID 16760)
-- Dependencies: 182
-- Data for Name: class; Type: TABLE DATA; Schema: public; Owner: postgres
--

COPY class (id, year, letter_class, people_count) FROM stdin;
1	1	A	30
2	1	B	30
3	1	C	30
4	1	D	30
5	1	E	30
6	1	F	30
7	2	A	30
8	2	B	30
9	2	C	30
10	2	D	30
11	2	E	30
12	2	F	30
13	3	A	30
14	3	B	30
15	3	C	30
16	3	D	30
17	3	E	30
18	3	F	30
\.


--
-- TOC entry 2179 (class 0 OID 17256)
-- Dependencies: 191
-- Data for Name: duty; Type: TABLE DATA; Schema: public; Owner: postgres
--

COPY duty (id, importance, duty_name) FROM stdin;
1	1	Dyrektor
2	2	Zastępca dyrektora
3	3	Pedagog
4	4	Bibliotekarka
\.


--
-- TOC entry 2177 (class 0 OID 16835)
-- Dependencies: 189
-- Data for Name: lesson; Type: TABLE DATA; Schema: public; Owner: postgres
--

COPY lesson (id, number, start_time, dyration) FROM stdin;
1	0	07:10:00	00:45:00
2	1	08:00:00	00:45:00
3	2	08:50:00	00:45:00
4	3	09:45:00	00:45:00
5	4	10:35:00	00:45:00
6	5	11:25:00	00:45:00
7	6	12:30:00	00:45:00
8	7	13:20:00	00:45:00
9	8	14:10:00	00:45:00
10	9	15:00:00	00:45:00
11	10	15:50:00	00:45:00
12	11	16:40:00	00:45:00
\.


--
-- TOC entry 2183 (class 0 OID 17434)
-- Dependencies: 195
-- Data for Name: room; Type: TABLE DATA; Schema: public; Owner: postgres
--

COPY room (id, room_name, limit_people) FROM stdin;
1	1	34
2	2	34
3	3	34
4	4	34
5	5	34
6	6	34
7	7	34
10	10	34
11	11	34
12	12	34
13	13	34
14	14	34
15	15	34
16	16	34
17	17	34
18	18	34
19	19	34
20	20	34
21	21	34
22	22	34
23	23	34
24	24	34
25	25	34
26	26	34
27	27	34
28	28	34
29	29	34
30	30	34
31	31	34
32	32	34
33	33	34
34	34	34
35	35	34
36	36	34
37	37	34
38	38	34
39	39	34
\.


--
-- TOC entry 2192 (class 0 OID 0)
-- Dependencies: 181
-- Name: seq_class; Type: SEQUENCE SET; Schema: public; Owner: postgres
--

SELECT pg_catalog.setval('seq_class', 18, true);


--
-- TOC entry 2193 (class 0 OID 0)
-- Dependencies: 183
-- Name: seq_duty; Type: SEQUENCE SET; Schema: public; Owner: postgres
--

SELECT pg_catalog.setval('seq_duty', 4, true);


--
-- TOC entry 2194 (class 0 OID 0)
-- Dependencies: 184
-- Name: seq_lesson; Type: SEQUENCE SET; Schema: public; Owner: postgres
--

SELECT pg_catalog.setval('seq_lesson', 12, true);


--
-- TOC entry 2195 (class 0 OID 0)
-- Dependencies: 185
-- Name: seq_room; Type: SEQUENCE SET; Schema: public; Owner: postgres
--

SELECT pg_catalog.setval('seq_room', 39, true);


--
-- TOC entry 2196 (class 0 OID 0)
-- Dependencies: 186
-- Name: seq_staff; Type: SEQUENCE SET; Schema: public; Owner: postgres
--

SELECT pg_catalog.setval('seq_staff', 47, true);


--
-- TOC entry 2197 (class 0 OID 0)
-- Dependencies: 187
-- Name: seq_subject; Type: SEQUENCE SET; Schema: public; Owner: postgres
--

SELECT pg_catalog.setval('seq_subject', 21, true);


--
-- TOC entry 2198 (class 0 OID 0)
-- Dependencies: 188
-- Name: seq_week_day; Type: SEQUENCE SET; Schema: public; Owner: postgres
--

SELECT pg_catalog.setval('seq_week_day', 1, false);


--
-- TOC entry 2180 (class 0 OID 17262)
-- Dependencies: 192
-- Data for Name: staff; Type: TABLE DATA; Schema: public; Owner: postgres
--

COPY staff (id, degree, first_name, last_name) FROM stdin;
1	mgr	Witold	Deptuch
2	mgr	Edyta	Janusz
3	mgr	Bogusława	Stasik
4	mgr	Jadwiga	Urbanek
5	mgr	Anna	Gierlach
6	mgr	Lucyna	Klein
7	mgr	Renata	Pernal
8	mgr	Tamara	Grodecka-Zaremba
9	mgr	Arkadiusz	Prajsnar
10	mgr	Lucjan	Dynowski
11	dr	Elżbieta	Longosz
12	mgr	Elżbieta	Świstak
13	mgr	Elżbieta	Baran
14	mgr	Monika	Karnas
15	mgr	Tomasz	Kasprzyk
16	mgr	Beata	Kijowska
17	mgr	Irena	Kolanko
18	mgr	Agnieszka	Trybus-Gorczyca
19	mgr	Beata	Czuba
20	mgr	Mariola	Jastrzębska
21	mgr	Jolanta	Mięsowicz
22	mgr	Anna	Hadel
23	mgr	Anna	Przybyłowicz
24	mgr	Katarzyna	Przybyłowicz-Ciszewska
25	mgr	Edyta	Janusz 
26	mgr	Beata	Rachwał
27	dr	Agata	Chodorowicz-Bąk
28	mgr	Monika	Serwatka
29	mgr	Tatiana	Gonet
30	mgr	Maciej	Guzik
31	mgr	Tomasz	Szarłowicz
32	mgr	Jacek	Dawidko
33	mgr	Maria	Rachfał
34	mgr	Wojciech	Wilk
35	mgr	Tomasz	Zając
36	mgr	Renata	Dawidko
37	mgr inż.	Sławomir	Bloch
38	mgr	Stanisław	Józefczyk
39	mgr	Irma	Szott
40	mgr	Małgorzata	Dzierwa
41	mgr	Ryszard	Solecki
42	mgr	Jolanta	Żółkoś
43	mgr	Katarzyna	Kudroń
44	ks. mgr	Waldemar	Haręza
45	mgr	Wojciech	Matwiej
46	mgr	Małgorzata	Twardzik-Wilk
47	mgr inż.	Zbigniew	Suchodolski
\.


--
-- TOC entry 2181 (class 0 OID 17374)
-- Dependencies: 193
-- Data for Name: staff_has_duty; Type: TABLE DATA; Schema: public; Owner: postgres
--

COPY staff_has_duty (staff_id, duty_id) FROM stdin;
1	1
2	2
4	3
3	4
\.


--
-- TOC entry 2182 (class 0 OID 17419)
-- Dependencies: 194
-- Data for Name: staff_has_subject; Type: TABLE DATA; Schema: public; Owner: postgres
--

COPY staff_has_subject (staff_id, subject_id) FROM stdin;
10	1
11	1
12	1
10	2
11	2
12	2
46	3
19	4
20	4
21	4
47	5
40	6
41	6
30	7
31	7
27	8
28	8
29	9
37	10
38	10
39	10
5	11
6	11
7	11
8	11
9	11
13	12
14	12
15	12
16	12
17	12
18	12
22	13
23	13
24	13
25	14
26	14
42	15
43	15
3	16
32	19
33	19
34	19
35	19
36	19
44	20
45	20
\.


--
-- TOC entry 2178 (class 0 OID 17220)
-- Dependencies: 190
-- Data for Name: subject; Type: TABLE DATA; Schema: public; Owner: postgres
--

COPY subject (id, subject_name) FROM stdin;
1	Historia
2	Wiedza o Społeczeństwie
3	Wiedza o kulturze
4	Matematyka
5	Podstawy przedsiębiorczości
6	Informatyka
7	Biologia
8	Chemia
9	Geografia
10	Fizyka
11	J. polski
12	J. angielski
13	J. niemiecki
14	J. francuski
15	J. łaciński
16	J. rosyjski
17	Godz. Wych.
18	Edukacja do bezpieczeństwa
19	Wychowanie Fizyczne
20	Religia
21	Wychowanie do życia w rodzinie
\.


--
-- TOC entry 2168 (class 0 OID 16480)
-- Dependencies: 180
-- Data for Name: week_day; Type: TABLE DATA; Schema: public; Owner: postgres
--

COPY week_day (id, name) FROM stdin;
1	Poniedziałek
2	Wtorek
3	Środa
4	Czwartek
5	Piątek
6	Sobota
7	Niedziela
\.


--
-- TOC entry 2035 (class 2606 OID 16765)
-- Name: class_pkey; Type: CONSTRAINT; Schema: public; Owner: postgres
--

ALTER TABLE ONLY class
    ADD CONSTRAINT class_pkey PRIMARY KEY (id);


--
-- TOC entry 2041 (class 2606 OID 17261)
-- Name: duty_pkey; Type: CONSTRAINT; Schema: public; Owner: postgres
--

ALTER TABLE ONLY duty
    ADD CONSTRAINT duty_pkey PRIMARY KEY (id);


--
-- TOC entry 2037 (class 2606 OID 16841)
-- Name: lesson_pkey; Type: CONSTRAINT; Schema: public; Owner: postgres
--

ALTER TABLE ONLY lesson
    ADD CONSTRAINT lesson_pkey PRIMARY KEY (id);


--
-- TOC entry 2049 (class 2606 OID 17439)
-- Name: room_pkey; Type: CONSTRAINT; Schema: public; Owner: postgres
--

ALTER TABLE ONLY room
    ADD CONSTRAINT room_pkey PRIMARY KEY (id);


--
-- TOC entry 2045 (class 2606 OID 17378)
-- Name: staff_has_duty_pkey; Type: CONSTRAINT; Schema: public; Owner: postgres
--

ALTER TABLE ONLY staff_has_duty
    ADD CONSTRAINT staff_has_duty_pkey PRIMARY KEY (staff_id, duty_id);


--
-- TOC entry 2047 (class 2606 OID 17423)
-- Name: staff_has_subject_pkey; Type: CONSTRAINT; Schema: public; Owner: postgres
--

ALTER TABLE ONLY staff_has_subject
    ADD CONSTRAINT staff_has_subject_pkey PRIMARY KEY (staff_id, subject_id);


--
-- TOC entry 2043 (class 2606 OID 17267)
-- Name: staff_pkey; Type: CONSTRAINT; Schema: public; Owner: postgres
--

ALTER TABLE ONLY staff
    ADD CONSTRAINT staff_pkey PRIMARY KEY (id);


--
-- TOC entry 2039 (class 2606 OID 17225)
-- Name: subject_pkey; Type: CONSTRAINT; Schema: public; Owner: postgres
--

ALTER TABLE ONLY subject
    ADD CONSTRAINT subject_pkey PRIMARY KEY (id);


--
-- TOC entry 2033 (class 2606 OID 16484)
-- Name: week_day_pkey; Type: CONSTRAINT; Schema: public; Owner: postgres
--

ALTER TABLE ONLY week_day
    ADD CONSTRAINT week_day_pkey PRIMARY KEY (id);


--
-- TOC entry 2051 (class 2606 OID 17384)
-- Name: staff_has_duty_duty_id_fkey; Type: FK CONSTRAINT; Schema: public; Owner: postgres
--

ALTER TABLE ONLY staff_has_duty
    ADD CONSTRAINT staff_has_duty_duty_id_fkey FOREIGN KEY (duty_id) REFERENCES duty(id);


--
-- TOC entry 2050 (class 2606 OID 17379)
-- Name: staff_has_duty_staff_id_fkey; Type: FK CONSTRAINT; Schema: public; Owner: postgres
--

ALTER TABLE ONLY staff_has_duty
    ADD CONSTRAINT staff_has_duty_staff_id_fkey FOREIGN KEY (staff_id) REFERENCES staff(id);


--
-- TOC entry 2052 (class 2606 OID 17424)
-- Name: staff_has_subject_staff_id_fkey; Type: FK CONSTRAINT; Schema: public; Owner: postgres
--

ALTER TABLE ONLY staff_has_subject
    ADD CONSTRAINT staff_has_subject_staff_id_fkey FOREIGN KEY (staff_id) REFERENCES staff(id);


--
-- TOC entry 2053 (class 2606 OID 17429)
-- Name: staff_has_subject_subject_id_fkey; Type: FK CONSTRAINT; Schema: public; Owner: postgres
--

ALTER TABLE ONLY staff_has_subject
    ADD CONSTRAINT staff_has_subject_subject_id_fkey FOREIGN KEY (subject_id) REFERENCES subject(id);


--
-- TOC entry 2190 (class 0 OID 0)
-- Dependencies: 6
-- Name: public; Type: ACL; Schema: -; Owner: postgres
--

REVOKE ALL ON SCHEMA public FROM PUBLIC;
REVOKE ALL ON SCHEMA public FROM postgres;
GRANT ALL ON SCHEMA public TO postgres;
GRANT ALL ON SCHEMA public TO PUBLIC;


-- Completed on 2016-01-14 18:01:19

--
-- PostgreSQL database dump complete
--

